{
    "dev": {
        "awscloudformation": {
            "AuthRoleName": "amplify-alertsapp-dev-150330-authRole",
            "UnauthRoleArn": "arn:aws:iam::161083846219:role/amplify-alertsapp-dev-150330-unauthRole",
            "AuthRoleArn": "arn:aws:iam::161083846219:role/amplify-alertsapp-dev-150330-authRole",
            "Region": "us-east-2",
            "DeploymentBucketName": "amplify-alertsapp-dev-150330-deployment",
            "UnauthRoleName": "amplify-alertsapp-dev-150330-unauthRole",
            "StackName": "amplify-alertsapp-dev-150330",
            "StackId": "arn:aws:cloudformation:us-east-2:161083846219:stack/amplify-alertsapp-dev-150330/d830eda0-b5fd-11ea-81fe-02c25da8714e",
            "AmplifyAppId": "d2ahg9tn0lfhsa"
        },
        "categories": {
            "auth": {
                "alertsappe72160ed": {}
            }
        }
    }
}