{
	"providers": {
		"awscloudformation": {
			"AuthRoleName": "amplify-alertsapp-dev-150330-authRole",
			"UnauthRoleArn": "arn:aws:iam::161083846219:role/amplify-alertsapp-dev-150330-unauthRole",
			"AuthRoleArn": "arn:aws:iam::161083846219:role/amplify-alertsapp-dev-150330-authRole",
			"Region": "us-east-2",
			"DeploymentBucketName": "amplify-alertsapp-dev-150330-deployment",
			"UnauthRoleName": "amplify-alertsapp-dev-150330-unauthRole",
			"StackName": "amplify-alertsapp-dev-150330",
			"StackId": "arn:aws:cloudformation:us-east-2:161083846219:stack/amplify-alertsapp-dev-150330/d830eda0-b5fd-11ea-81fe-02c25da8714e",
			"AmplifyAppId": "d2ahg9tn0lfhsa"
		}
	},
	"auth": {
		"alertsappe72160ed": {
			"service": "Cognito",
			"providerPlugin": "awscloudformation",
			"dependsOn": [],
			"customAuth": false,
			"providerMetadata": {
				"s3TemplateURL": "https://s3.amazonaws.com/amplify-alertsapp-dev-150330-deployment/amplify-cfn-templates/auth/alertsappe72160ed-cloudformation-template.yml",
				"logicalId": "authalertsappe72160ed"
			},
			"lastPushTimeStamp": "2020-06-24T09:39:59.735Z",
			"output": {
				"AppClientSecret": "1jafqkj9mm4m25b2tq7mtdcc21qktn2t16cbu1gb28o7net8nmg8",
				"UserPoolId": "us-east-2_UKcz620ei",
				"AppClientIDWeb": "2od5tb0ikr7gg2o3hhrstg34cj",
				"AppClientID": "76rbqkhdn56r86a9j4q28pumju",
				"IdentityPoolId": "us-east-2:cf2f139b-2c9b-4ba6-9983-5d6d9f91c26a",
				"IdentityPoolName": "alertsappe72160ed_identitypool_e72160ed__dev",
				"UserPoolName": "alertsappe72160ed_userpool_e72160ed"
			},
			"lastPushDirHash": "5MtKc78UEdMW5xyMUyu1dqbpQ0c="
		}
	}
}